Tamanho do Array,Tempo (segundos)
3.0,0.06299924850463867
3.0,0.06899023056030273
3.0,0.954002857208252
3.0,0.07500052452087402
2.0,0.9819996356964111
3.0,0.9489989280700684
3.0,0.9149954319000244
2.0,0.9210078716278076
2.0,0.9860007762908936
3.0,18.159999132156372
