Tamanho do Array,Tempo (segundos)
8.0,13.782987833023071
2.0,0.06898903846740723
2.0,0.07499313354492188
3.0,0.9129924774169922
3.0,16.15502643585205
