Numero de Bins,Tempo (segundos)
5.0,22.958226442337036
5.0,24.031190156936646
5.0,23.969568729400635
4.0,24.34861660003662
3.0,25.491111278533936
