Numero de Bins,Tempo (segundos)
2.0,0.08282685279846191
2.0,0.08570313453674316
3.0,1.355072259902954
8.0,20.334539651870728
3.0,22.327855348587036
