Numero de Bins [C(S)],Tempo (segundos)
1.0,2.384185791015625e-06
2.0,4.5299530029296875e-06
3.0,4.0531158447265625e-06
3.0,6.198883056640625e-06
3.0,5.4836273193359375e-06
3.0,5.245208740234375e-06
4.0,1.2636184692382812e-05
6.0,1.33514404296875e-05
5.0,9.775161743164062e-06
5.0,2.193450927734375e-05
5.0,1.52587890625e-05
5.0,1.71661376953125e-05
5.0,1.3828277587890625e-05
5.0,1.1444091796875e-05
4.0,1.5020370483398438e-05
