Numero de Bins,Tempo (segundos)
3.0,1.3828277587890625e-05
3.0,2.4318695068359375e-05
4.0,1.6927719116210938e-05
8.0,2.765655517578125e-05
4.0,1.8358230590820312e-05
